<?xml version="1.0" encoding="UTF-8"?>
<project-private xmlns="http://www.netbeans.org/ns/project-private/1">
    <editor-bookmarks xmlns="http://www.netbeans.org/ns/editor-bookmarks/2" lastBookmarkId="0"/>
    <open-files xmlns="http://www.netbeans.org/ns/projectui-open-files/2">
        <group>
            <file>file:/C:/Users/CT%20Desenvolvimento/Desktop/Douglas/22112023/Agenda/src/telas/TelaRelatorio.java</file>
            <file>file:/C:/Users/CT%20Desenvolvimento/Desktop/Douglas/22112023/Agenda/src/telas/TelaLogin.java</file>
            <file>file:/C:/Users/CT%20Desenvolvimento/Desktop/Douglas/22112023/Agenda/src/telas/TelaUsuarios.java</file>
            <file>file:/C:/Users/CT%20Desenvolvimento/Desktop/Douglas/22112023/Agenda/src/telas/TelaPrincipal.java</file>
        </group>
    </open-files>
</project-private>
